Index,Company,Symbol,Weight,Price,Change,Percent Change
1,Nvidia,NVDA,7.38%,190.41,-1.11,(-0.58%)
2,Apple Inc.,AAPL,6.05%,258.07,1.63,(0.64%)
3,Microsoft,MSFT,5.02%,423.92,-57.71,(-11.98%)
4,Amazon,AMZN,4.08%,239.46,-3.55,(-1.46%)
5,Alphabet Inc. (Class A),GOOGL,3.36%,336.53,0.52,(0.16%)
6,Alphabet Inc. (Class C),GOOG,3.12%,336.81,0.53,(0.16%)
7,Meta Platforms,META,2.96%,736.26,67.53,(10.10%)
8,Broadcom,AVGO,2.49%,329.85,-3.39,(-1.02%)
9,"Tesla, Inc.",TSLA,2.23%,420.18,-11.28,(-2.62%)
10,Berkshire Hathaway,BRK.B,1.63%,473.85,0.36,(0.07%)
11,Walmart,WMT,1.49%,117.46,0.89,(0.77%)
12,Lilly (Eli),LLY,1.47%,1028.61,4.81,(0.47%)
13,JPMorgan Chase,JPM,1.31%,305.18,4.41,(1.47%)
14,Visa Inc.,V,1.02%,331.90,4.92,(1.50%)
15,ExxonMobil,XOM,0.95%,141.01,3.43,(2.49%)
16,Johnson & Johnson,JNJ,0.88%,227.85,0.13,(0.06%)
17,Micron Technology,MU,0.78%,433.72,-1.56,(-0.36%)
18,Mastercard,MA,0.77%,540.17,18.80,(3.61%)
19,Oracle Corporation,ORCL,0.76%,165.30,-7.50,(-4.34%)
20,Costco,COST,0.67%,951.83,-8.95,(-0.93%)
21,Advanced Micro Devices,AMD,0.64%,248.43,-4.31,(-1.71%)
22,AbbVie,ABBV,0.63%,223.34,4.67,(2.14%)
23,Bank of America,BAC,0.61%,52.77,0.96,(1.85%)
24,Home Depot (The),HD,0.59%,372.18,-3.12,(-0.83%)
25,Palantir Technologies,PLTR,0.57%,150.05,-7.30,(-4.64%)
26,Netflix,NFLX,0.56%,82.83,-1.81,(-2.14%)
27,Procter & Gamble,PG,0.55%,149.69,2.35,(1.60%)
28,Chevron Corporation,CVX,0.55%,172.79,2.86,(1.68%)
29,Coca-Cola Company (The),KO,0.51%,73.92,0.86,(1.18%)
30,GE Aerospace,GE,0.50%,298.60,6.12,(2.09%)
31,Caterpillar Inc.,CAT,0.50%,664.64,21.36,(3.32%)
32,Cisco,CSCO,0.49%,78.41,-0.55,(-0.69%)
33,Lam Research,LRCX,0.49%,245.76,6.18,(2.58%)
34,Morgan Stanley,MS,0.46%,181.60,-0.74,(-0.41%)
35,IBM,IBM,0.45%,304.81,10.65,(3.62%)
36,Goldman Sachs,GS,0.45%,934.55,-2.26,(-0.24%)
37,Philip Morris International,PM,0.44%,177.85,-0.74,(-0.42%)
38,Wells Fargo,WFC,0.44%,89.19,1.16,(1.32%)
39,Merck & Co.,MRK,0.43%,109.77,2.87,(2.68%)
40,Applied Materials,AMAT,0.43%,338.88,2.13,(0.63%)
41,RTX Corporation,RTX,0.43%,200.14,0.68,(0.34%)
42,UnitedHealth Group,UNH,0.43%,294.43,0.41,(0.14%)
43,American Express,AXP,0.39%,358.90,1.91,(0.53%)
44,Intel,INTC,0.38%,48.23,-0.55,(-1.14%)
45,McDonald's,MCD,0.36%,316.98,4.18,(1.34%)
46,Thermo Fisher Scientific,TMO,0.35%,590.94,-17.08,(-2.81%)
47,KLA Corporation,KLAC,0.35%,1674.43,47.23,(2.90%)
48,Linde plc,LIN,0.34%,453.50,2.00,(0.44%)
49,T-Mobile US,TMUS,0.34%,188.31,2.06,(1.10%)
50,PepsiCo,PEP,0.33%,150.38,1.88,(1.26%)
51,Texas Instruments,TXN,0.32%,219.88,3.72,(1.72%)
52,Citigroup,C,0.32%,114.20,0.00,(0.00%)
53,Salesforce,CRM,0.32%,211.71,-16.25,(-7.13%)
54,Walt Disney Company (The),DIS,0.31%,111.09,1.53,(1.40%)
55,GE Vernova,GEV,0.31%,708.40,-3.19,(-0.45%)
56,AppLovin Corporation,APP,0.31%,566.67,24.31,(4.48%)
57,Arista Networks,ANET,0.30%,148.83,-1.32,(-0.88%)
58,Amgen,AMGN,0.30%,346.37,4.14,(1.21%)
59,Boeing,BA,0.30%,237.55,-4.04,(-1.67%)
60,Abbott Laboratories,ABT,0.29%,106.10,0.05,(0.04%)
61,NextEra Energy,NEE,0.29%,88.40,0.83,(0.94%)
62,Amphenol,APH,0.29%,149.59,3.63,(2.49%)
63,Charles Schwab Corporation,SCHW,0.29%,102.97,-0.50,(-0.48%)
64,Intuitive Surgical,ISRG,0.29%,505.19,-16.84,(-3.23%)
65,AT&T,T,0.28%,24.91,0.84,(3.51%)
66,BlackRock,BLK,0.28%,1123.85,2.17,(0.19%)
67,Gilead Sciences,GILD,0.28%,139.28,-0.44,(-0.32%)
68,Uber,UBER,0.27%,81.82,2.04,(2.55%)
69,Verizon,VZ,0.27%,40.02,0.62,(1.56%)
70,Booking Holdings,BKNG,0.26%,5092.49,7.27,(0.14%)
71,TJX Companies,TJX,0.26%,147.21,-0.58,(-0.39%)
72,Qualcomm,QCOM,0.26%,151.56,-1.14,(-0.75%)
73,Accenture,ACN,0.26%,260.22,-10.21,(-3.78%)
74,S&P Global,SPGI,0.25%,526.11,-2.01,(-0.38%)
75,Danaher Corporation,DHR,0.25%,219.36,-5.18,(-2.31%)
76,Analog Devices,ADI,0.25%,316.44,-1.19,(-0.37%)
77,Lowe's,LOW,0.24%,266.86,-2.56,(-0.95%)
78,Pfizer,PFE,0.24%,26.18,0.32,(1.26%)
79,Lockheed Martin,LMT,0.23%,634.43,37.16,(6.22%)
80,Honeywell,HON,0.23%,226.83,10.19,(4.70%)
81,Deere & Company,DE,0.23%,527.57,2.56,(0.49%)
82,Union Pacific Corporation,UNP,0.22%,233.65,5.94,(2.61%)
83,Newmont,NEM,0.22%,126.83,-5.12,(-3.88%)
84,Intuit,INTU,0.22%,495.41,-43.29,(-8.04%)
85,Eaton Corporation,ETN,0.22%,352.66,5.34,(1.54%)
86,Capital One,COF,0.22%,218.64,0.23,(0.10%)
87,Boston Scientific,BSX,0.22%,92.04,-1.75,(-1.86%)
88,Stryker Corporation,SYK,0.21%,351.08,-6.75,(-1.89%)
89,ConocoPhillips,COP,0.21%,104.82,3.43,(3.39%)
90,Medtronic,MDT,0.21%,100.43,-0.36,(-0.36%)
91,Welltower,WELL,0.20%,186.96,3.02,(1.64%)
92,Palo Alto Networks,PANW,0.19%,175.17,-8.57,(-4.66%)
93,Prologis,PLD,0.19%,130.24,3.11,(2.44%)
94,Vertex Pharmaceuticals,VRTX,0.19%,474.57,-3.34,(-0.70%)
95,Progressive Corporation,PGR,0.19%,205.04,-7.70,(-3.62%)
96,ServiceNow,NOW,0.19%,113.67,-15.95,(-12.31%)
97,Chubb Limited,CB,0.19%,304.43,0.78,(0.26%)
98,Parker Hannifin,PH,0.19%,949.31,33.04,(3.61%)
99,Adobe Inc.,ADBE,0.19%,289.87,-9.71,(-3.24%)
100,Bristol Myers Squibb,BMY,0.18%,54.97,0.35,(0.65%)
101,CrowdStrike,CRWD,0.18%,441.35,-27.84,(-5.93%)
102,HCA Healthcare,HCA,0.18%,483.68,-7.55,(-1.54%)
103,Blackstone Inc.,BX,0.18%,142.62,-4.17,(-2.84%)
104,Comcast,CMCSA,0.17%,29.30,0.89,(3.12%)
105,Starbucks,SBUX,0.17%,92.97,-2.19,(-2.31%)
106,Constellation Energy,CEG,0.17%,286.14,-1.81,(-0.63%)
107,CME Group,CME,0.17%,287.93,1.88,(0.66%)
108,KKR,KKR,0.16%,114.86,-1.91,(-1.64%)
109,McKesson Corporation,MCK,0.16%,828.30,1.68,(0.20%)
110,Altria,MO,0.16%,60.56,-2.57,(-4.07%)
111,Automatic Data Processing,ADP,0.16%,247.26,-3.43,(-1.37%)
112,Intercontinental Exchange,ICE,0.16%,173.82,1.38,(0.80%)
113,Northrop Grumman,NOC,0.16%,694.68,5.55,(0.80%)
114,Seagate Technology,STX,0.16%,449.79,6.86,(1.55%)
115,Southern Company,SO,0.16%,88.95,0.63,(0.71%)
116,Western Digital,WDC,0.15%,282.17,2.47,(0.88%)
117,General Dynamics,GD,0.15%,351.90,-4.78,(-1.34%)
118,CVS Health,CVS,0.15%,74.34,0.31,(0.41%)
119,Trane Technologies,TT,0.15%,423.62,29.42,(7.46%)
120,Duke Energy,DUK,0.15%,120.76,0.52,(0.43%)
121,Freeport-McMoRan,FCX,0.15%,65.20,1.57,(2.46%)
122,"Nike, Inc.",NKE,0.15%,62.75,0.51,(0.82%)
123,Royal Caribbean Group,RCL,0.15%,340.04,48.44,(16.61%)
124,Synopsys,SNPS,0.15%,478.29,-33.06,(-6.47%)
125,"Marsh & McLennan Companies, Inc.",MRSH,0.15%,186.43,8.25,(4.63%)
126,Moody's Corporation,MCO,0.15%,511.38,-5.24,(-1.01%)
127,United Parcel Service,UPS,0.14%,107.04,3.34,(3.22%)
128,"Robinhood Markets, Inc.",HOOD,0.14%,100.69,-2.71,(-2.62%)
129,PNC Financial Services,PNC,0.14%,223.31,1.92,(0.87%)
130,DoorDash,DASH,0.14%,208.10,1.44,(0.69%)
131,Waste Management,WM,0.14%,222.56,-9.04,(-3.90%)
132,Corning Inc.,GLW,0.14%,102.43,-1.85,(-1.77%)
133,Sherwin-Williams,SHW,0.14%,353.32,3.72,(1.07%)
134,U.S. Bancorp,USB,0.14%,56.00,0.26,(0.46%)
135,Marriott International,MAR,0.14%,320.05,7.98,(2.56%)
136,American Tower,AMT,0.14%,181.31,3.80,(2.14%)
137,Howmet Aerospace,HWM,0.14%,210.82,-0.02,(-0.01%)
138,O'Reilly Auto Parts,ORLY,0.13%,99.41,-1.96,(-1.94%)
139,Emerson Electric,EMR,0.13%,149.13,0.71,(0.48%)
140,BNY Mellon,BK,0.13%,120.22,1.32,(1.11%)
141,3M,MMM,0.13%,155.62,-0.32,(-0.21%)
142,CRH plc,CRH,0.13%,123.45,0.99,(0.81%)
143,Williams Companies,WMB,0.13%,67.30,0.38,(0.57%)
144,Cadence Design Systems,CDNS,0.13%,298.65,-21.84,(-6.81%)
145,Equinix,EQIX,0.13%,824.27,8.12,(1.00%)
146,Cummins,CMI,0.13%,583.05,5.19,(0.90%)
147,TransDigm Group,TDG,0.13%,1425.32,13.19,(0.93%)
148,Sandisk Corporation,SNDK,0.13%,544.26,16.63,(3.15%)
149,Ecolab,ECL,0.13%,280.73,-0.73,(-0.26%)
150,Airbnb,ABNB,0.13%,130.81,-0.75,(-0.57%)
151,Regeneron Pharmaceuticals,REGN,0.13%,748.50,-2.63,(-0.35%)
152,Monster Beverage,MNST,0.13%,80.50,-0.42,(-0.52%)
153,Dell Technologies,DELL,0.12%,117.99,0.67,(0.57%)
154,General Motors,GM,0.12%,86.39,1.49,(1.76%)
155,Apollo Global Management,APO,0.12%,133.95,1.06,(0.79%)
156,Elevance Health,ELV,0.12%,345.44,3.59,(1.05%)
157,Illinois Tool Works,ITW,0.12%,261.57,3.32,(1.29%)
158,Cintas,CTAS,0.12%,189.06,-0.10,(-0.06%)
159,FedEx,FDX,0.12%,318.51,3.87,(1.23%)
160,Mondelez International,MDLZ,0.12%,57.63,-0.10,(-0.18%)
161,Johnson Controls,JCI,0.12%,120.54,3.80,(3.26%)
162,Aon,AON,0.12%,341.64,8.64,(2.59%)
163,Schlumberger,SLB,0.12%,48.90,0.03,(0.05%)
164,Cigna,CI,0.12%,271.82,-0.56,(-0.20%)
165,Quanta Services,PWR,0.12%,486.18,4.90,(1.02%)
166,CSX Corporation,CSX,0.11%,37.83,0.45,(1.21%)
167,Hilton Worldwide,HLT,0.11%,299.70,3.39,(1.15%)
168,Warner Bros. Discovery,WBD,0.11%,27.80,-0.18,(-0.63%)
169,Cencora,COR,0.11%,354.17,3.63,(1.03%)
170,Colgate-Palmolive,CL,0.11%,85.33,0.33,(0.39%)
171,Kinder Morgan,KMI,0.11%,30.35,0.28,(0.94%)
172,Republic Services,RSG,0.11%,215.07,-2.53,(-1.16%)
173,L3Harris,LHX,0.11%,355.88,-4.42,(-1.23%)
174,Motorola Solutions,MSI,0.11%,397.88,-7.20,(-1.78%)
175,TE Connectivity,TEL,0.11%,225.78,4.01,(1.81%)
176,Norfolk Southern Railway,NSC,0.10%,290.33,5.86,(2.06%)
177,Paccar,PCAR,0.10%,122.85,-0.21,(-0.17%)
178,Truist Financial,TFC,0.10%,50.92,0.61,(1.21%)
179,American Electric Power,AEP,0.10%,119.48,0.36,(0.31%)
180,Arthur J. Gallagher & Co.,AJG,0.10%,243.00,0.63,(0.26%)
181,EOG Resources,EOG,0.10%,114.22,3.20,(2.89%)
182,Travelers Companies (The),TRV,0.10%,283.86,1.82,(0.65%)
183,AutoZone,AZO,0.10%,3714.19,-67.95,(-1.80%)
184,Simon Property Group,SPG,0.10%,187.91,4.15,(2.26%)
185,Ross Stores,ROST,0.10%,186.62,0.58,(0.31%)
186,Fortinet,FTNT,0.10%,80.95,-1.13,(-1.38%)
187,Carvana Co.,CVNA,0.10%,421.44,11.40,(2.78%)
188,Phillips 66,PSX,0.09%,146.23,4.15,(2.92%)
189,Valero Energy,VLO,0.09%,190.55,6.53,(3.55%)
190,NXP Semiconductors,NXPI,0.09%,229.82,-10.21,(-4.25%)
191,Digital Realty,DLR,0.09%,168.26,5.05,(3.10%)
192,Aflac,AFL,0.09%,109.62,0.70,(0.64%)
193,Becton Dickinson,BDX,0.09%,200.78,-1.14,(-0.56%)
194,Air Products,APD,0.09%,256.35,0.46,(0.18%)
195,Sempra,SRE,0.09%,87.00,0.22,(0.25%)
196,Baker Hughes,BKR,0.09%,57.27,0.63,(1.12%)
197,Monolithic Power Systems,MPWR,0.09%,1171.18,9.40,(0.81%)
198,Ford Motor Company,F,0.09%,14.04,0.22,(1.63%)
199,"Nasdaq, Inc.",NDAQ,0.09%,97.81,-0.90,(-0.91%)
200,Realty Income,O,0.09%,60.70,0.63,(1.04%)
201,Vistra Corp.,VST,0.09%,160.46,-5.18,(-3.13%)
202,Zoetis,ZTS,0.09%,122.51,0.58,(0.48%)
203,Idexx Laboratories,IDXX,0.09%,674.54,-13.20,(-1.92%)
204,Autodesk,ADSK,0.09%,253.88,-14.45,(-5.39%)
205,Marathon Petroleum,MPC,0.09%,178.36,6.35,(3.69%)
206,Coinbase Global,COIN,0.08%,196.81,-12.62,(-6.02%)
207,Dominion Energy,D,0.08%,60.87,0.16,(0.26%)
208,Ametek,AME,0.08%,225.07,2.58,(1.16%)
209,Allstate,ALL,0.08%,196.94,-0.39,(-0.20%)
210,Chipotle Mexican Grill,CMG,0.08%,38.95,-0.20,(-0.52%)
211,W. W. Grainger,GWW,0.08%,1078.09,8.08,(0.76%)
212,Electronic Arts,EA,0.08%,204.00,0.06,(0.03%)
213,MetLife,MET,0.08%,77.34,1.08,(1.42%)
214,CBRE Group,CBRE,0.08%,170.70,1.20,(0.71%)
215,ONEOK,OKE,0.08%,79.91,0.65,(0.82%)
216,Cardinal Health,CAH,0.08%,211.53,1.15,(0.54%)
217,Carrier Global,CARR,0.08%,59.51,1.60,(2.77%)
218,Fastenal,FAST,0.08%,43.62,-0.00,(-0.01%)
219,Corteva,CTVA,0.08%,73.76,0.71,(0.97%)
220,PayPal,PYPL,0.08%,52.83,-1.25,(-2.32%)
221,Public Storage,PSA,0.08%,277.16,3.30,(1.20%)
222,United Rentals,URI,0.08%,759.39,-143.80,(-15.92%)
223,Ameriprise Financial,AMP,0.08%,518.38,18.71,(3.74%)
224,Rockwell Automation,ROK,0.08%,424.59,9.69,(2.34%)
225,Diamondback Energy,FANG,0.08%,165.85,5.58,(3.48%)
226,Edwards Lifesciences,EW,0.07%,80.99,-0.87,(-1.06%)
227,Target Corporation,TGT,0.07%,103.05,1.31,(1.29%)
228,"Workday, Inc.",WDAY,0.07%,172.92,-16.20,(-8.57%)
229,MSCI,MSCI,0.07%,604.00,-10.87,(-1.77%)
230,Occidental Petroleum,OXY,0.07%,46.03,1.20,(2.67%)
231,Exelon,EXC,0.07%,44.77,0.01,(0.01%)
232,Xcel Energy,XEL,0.07%,76.08,0.07,(0.09%)
233,Datadog,DDOG,0.07%,128.11,-12.45,(-8.85%)
234,Take-Two Interactive,TTWO,0.07%,239.26,-3.92,(-1.61%)
235,Targa Resources,TRGP,0.07%,202.77,1.64,(0.82%)
236,Yum! Brands,YUM,0.07%,156.24,2.36,(1.53%)
237,Delta Air Lines,DAL,0.07%,66.20,0.37,(0.57%)
238,D. R. Horton,DHI,0.07%,149.19,-0.98,(-0.66%)
239,Entergy,ETR,0.07%,96.38,-0.10,(-0.10%)
240,eBay,EBAY,0.07%,94.33,-0.84,(-0.88%)
241,Microchip Technology,MCHP,0.07%,78.76,-1.52,(-1.89%)
242,Estée Lauder Companies (The),EL,0.07%,115.37,0.75,(0.65%)
243,"Comfort Systems USA, Inc.",FIX,0.07%,1175.26,6.21,(0.53%)
244,Nucor,NUE,0.07%,179.36,6.18,(3.57%)
245,Carnival,CCL,0.07%,31.13,2.41,(8.38%)
246,Axon Enterprise,AXON,0.06%,511.52,-38.34,(-6.97%)
247,Public Service Enterprise Group,PEG,0.06%,81.31,-0.14,(-0.18%)
248,IQVIA,IQV,0.06%,235.84,-3.92,(-1.63%)
249,Sysco,SYY,0.06%,83.75,0.24,(0.29%)
250,American International Group,AIG,0.06%,73.72,0.33,(0.45%)
251,Wabtec,WAB,0.06%,232.43,3.54,(1.55%)
252,Cognizant,CTSH,0.06%,82.29,-1.01,(-1.21%)
253,Vulcan Materials Company,VMC,0.06%,297.51,-2.22,(-0.74%)
254,Kroger,KR,0.06%,62.09,0.27,(0.43%)
255,Hershey Company (The),HSY,0.06%,193.50,1.50,(0.78%)
256,Teradyne,TER,0.06%,250.31,-0.17,(-0.07%)
257,Martin Marietta Materials,MLM,0.06%,648.12,-2.12,(-0.33%)
258,Garmin,GRMN,0.06%,202.59,-1.89,(-0.92%)
259,Copart,CPRT,0.06%,40.02,-0.60,(-1.49%)
260,Roper Technologies,ROP,0.06%,360.49,0.12,(0.03%)
261,Consolidated Edison,ED,0.06%,105.90,0.72,(0.68%)
262,Prudential Financial,PRU,0.06%,109.19,1.50,(1.39%)
263,Keysight Technologies,KEYS,0.06%,222.07,0.57,(0.26%)
264,"Block, Inc.",XYZ,0.06%,62.10,-2.12,(-3.30%)
265,Agilent Technologies,A,0.06%,132.95,-0.92,(-0.68%)
266,Crown Castle,CCI,0.06%,86.45,1.56,(1.84%)
267,ResMed,RMD,0.06%,257.13,-0.59,(-0.23%)
268,Paychex,PAYX,0.06%,102.93,0.48,(0.47%)
269,Fair Isaac,FICO,0.06%,1554.96,29.29,(1.92%)
270,Hartford (The),HIG,0.06%,131.34,0.68,(0.52%)
271,Keurig Dr Pepper,KDP,0.06%,26.86,0.14,(0.54%)
272,State Street Corporation,STT,0.06%,130.57,2.55,(1.99%)
273,Ventas,VTR,0.06%,77.08,1.16,(1.53%)
274,Old Dominion,ODFL,0.06%,172.21,-0.51,(-0.30%)
275,WEC Energy Group,WEC,0.06%,110.44,0.40,(0.36%)
276,GE HealthCare,GEHC,0.06%,78.44,-0.82,(-1.04%)
277,EQT Corporation,EQT,0.06%,56.80,0.84,(1.49%)
278,Las Vegas Sands,LVS,0.06%,52.26,-9.00,(-14.69%)
279,Ingersoll Rand,IR,0.05%,87.25,2.00,(2.35%)
280,Arch Capital Group,ACGL,0.05%,95.06,0.89,(0.94%)
281,"Fiserv, Inc.",FISV,0.05%,63.63,-1.32,(-2.04%)
282,Live Nation Entertainment,LYV,0.05%,147.19,-0.34,(-0.23%)
283,M&T Bank,MTB,0.05%,219.85,2.96,(1.36%)
284,Otis Worldwide,OTIS,0.05%,86.57,-2.03,(-2.29%)
285,United Airlines Holdings,UAL,0.05%,103.84,-1.07,(-1.02%)
286,Interactive Brokers Group,IBKR,0.05%,75.37,-0.08,(-0.11%)
287,Expedia Group,EXPE,0.05%,273.37,7.61,(2.86%)
288,Xylem Inc.,XYL,0.05%,136.79,1.27,(0.94%)
289,Kenvue,KVUE,0.05%,17.32,-0.02,(-0.09%)
290,PG&E Corporation,PCG,0.05%,15.10,0.17,(1.11%)
291,Raymond James Financial,RJF,0.05%,167.81,-0.50,(-0.30%)
292,Ares Management Corporation,ARES,0.05%,150.31,0.51,(0.34%)
293,Kimberly-Clark,KMB,0.05%,99.32,-0.22,(-0.22%)
294,Fifth Third Bancorp,FITB,0.05%,49.74,0.05,(0.09%)
295,"EMCOR Group, Inc.",EME,0.05%,731.44,4.09,(0.56%)
296,Archer Daniels Midland,ADM,0.05%,67.87,0.47,(0.70%)
297,Dollar General,DG,0.05%,141.62,-3.42,(-2.36%)
298,Willis Towers Watson,WTW,0.05%,316.38,2.05,(0.65%)
299,Verisk Analytics,VRSK,0.05%,216.61,-2.42,(-1.10%)
300,"Rollins, Inc.",ROL,0.05%,62.74,-0.09,(-0.15%)
301,Vici Properties,VICI,0.05%,28.11,0.22,(0.81%)
302,Extra Space Storage,EXR,0.05%,139.12,1.96,(1.43%)
303,NRG Energy,NRG,0.05%,153.16,-1.95,(-1.25%)
304,Teledyne Technologies,TDY,0.05%,624.44,4.13,(0.67%)
305,Hewlett Packard Enterprise,HPE,0.05%,21.91,0.20,(0.94%)
306,Dexcom,DXCM,0.05%,73.56,0.20,(0.28%)
307,Halliburton,HAL,0.05%,34.03,0.67,(2.01%)
308,Fidelity National Information Services,FIS,0.05%,55.05,-1.13,(-2.02%)
309,Mettler Toledo,MTD,0.05%,1385.22,-16.42,(-1.17%)
310,DTE Energy,DTE,0.04%,135.14,-1.42,(-1.04%)
311,Ulta Beauty,ULTA,0.04%,632.56,-5.65,(-0.89%)
312,Ameren,AEE,0.04%,103.72,0.14,(0.13%)
313,Northern Trust,NTRS,0.04%,149.76,-0.49,(-0.32%)
314,Cboe Global Markets,CBOE,0.04%,265.25,0.65,(0.25%)
315,Dover Corporation,DOV,0.04%,201.84,-4.16,(-2.02%)
316,Kraft Heinz,KHC,0.04%,23.18,-0.02,(-0.06%)
317,Lennar,LEN,0.04%,110.87,0.08,(0.07%)
318,Iron Mountain,IRM,0.04%,92.63,0.39,(0.42%)
319,FirstEnergy,FE,0.04%,47.38,-0.02,(-0.05%)
320,Tractor Supply,TSCO,0.04%,51.78,-3.36,(-6.10%)
321,Citizens Financial Group,CFG,0.04%,63.03,0.11,(0.18%)
322,Atmos Energy,ATO,0.04%,167.22,1.22,(0.73%)
323,PPL Corporation,PPL,0.04%,36.52,-0.19,(-0.50%)
324,Huntington Bancshares,HBAN,0.04%,17.18,0.12,(0.70%)
325,Constellation Brands,STZ,0.04%,154.39,-3.35,(-2.13%)
326,Steel Dynamics,STLD,0.04%,182.01,7.63,(4.38%)
327,Expand Energy,EXE,0.04%,111.30,1.64,(1.49%)
328,CoStar Group,CSGP,0.04%,62.12,-3.08,(-4.72%)
329,Hubbell Incorporated,HUBB,0.04%,494.22,8.49,(1.75%)
330,PPG Industries,PPG,0.04%,116.04,2.08,(1.82%)
331,Eversource Energy,ES,0.04%,69.28,-0.62,(-0.89%)
332,"Tapestry, Inc.",TPR,0.04%,126.97,0.97,(0.77%)
333,CenterPoint Energy,CNP,0.04%,39.77,-0.02,(-0.04%)
334,Biogen,BIIB,0.04%,176.53,1.69,(0.97%)
335,W. R. Berkley Corporation,WRB,0.04%,68.02,0.35,(0.52%)
336,Devon Energy,DVN,0.04%,40.75,0.92,(2.30%)
337,Jabil,JBL,0.04%,241.88,-1.75,(-0.72%)
338,Steris,STE,0.04%,259.60,-1.26,(-0.48%)
339,Synchrony Financial,SYF,0.04%,73.31,-0.11,(-0.15%)
340,Southwest Airlines,LUV,0.04%,48.68,7.82,(19.14%)
341,ON Semiconductor,ON,0.04%,62.56,-2.37,(-3.65%)
342,American Water Works,AWK,0.04%,128.40,1.35,(1.06%)
343,PulteGroup,PHM,0.04%,127.49,4.22,(3.42%)
344,Equifax,EFX,0.04%,202.84,-2.49,(-1.21%)
345,AvalonBay Communities,AVB,0.04%,174.92,1.95,(1.13%)
346,Cincinnati Financial,CINF,0.04%,158.56,0.16,(0.10%)
347,Texas Pacific Land Corporation,TPL,0.04%,357.88,3.11,(0.88%)
348,Williams-Sonoma,WSM,0.04%,206.22,0.50,(0.24%)
349,Regions Financial Corporation,RF,0.04%,28.36,0.50,(1.78%)
350,Charter Communications,CHTR,0.04%,188.66,5.85,(3.20%)
351,Veralto,VLTO,0.04%,98.24,-0.48,(-0.49%)
352,Brown & Brown,BRO,0.04%,71.84,-0.26,(-0.36%)
353,Edison International,EIX,0.04%,62.40,0.15,(0.23%)
354,Leidos,LDOS,0.04%,187.65,-0.12,(-0.06%)
355,Omnicom Group,OMC,0.04%,75.87,-0.67,(-0.88%)
356,General Mills,GIS,0.04%,44.73,0.38,(0.85%)
357,First Solar,FSLR,0.04%,222.37,-27.04,(-10.84%)
358,Humana,HUM,0.04%,197.69,3.68,(1.90%)
359,KeyCorp,KEY,0.04%,21.54,0.23,(1.06%)
360,Equity Residential,EQR,0.04%,61.73,0.97,(1.59%)
361,Dollar Tree,DLTR,0.04%,117.25,-1.85,(-1.56%)
362,Tyson Foods,TSN,0.04%,65.36,0.76,(1.18%)
363,Darden Restaurants,DRI,0.04%,200.15,3.65,(1.86%)
364,C.H. Robinson,CHRW,0.04%,194.94,10.66,(5.78%)
365,T. Rowe Price,TROW,0.04%,105.19,-0.06,(-0.06%)
366,Broadridge Financial Solutions,BR,0.04%,195.11,-9.78,(-4.77%)
367,Verisign,VRSN,0.04%,243.91,-9.59,(-3.79%)
368,Corpay,CPAY,0.04%,319.75,2.12,(0.67%)
369,Bunge Global,BG,0.04%,115.67,0.37,(0.32%)
370,LabCorp,LH,0.04%,269.04,1.00,(0.37%)
371,Waters Corporation,WAT,0.04%,373.16,-11.87,(-3.08%)
372,Smurfit WestRock,SW,0.04%,42.23,-0.18,(-0.43%)
373,Coterra,CTRA,0.04%,28.90,1.11,(3.99%)
374,Church & Dwight,CHD,0.04%,91.63,0.15,(0.17%)
375,Expeditors International,EXPD,0.03%,162.09,2.02,(1.26%)
376,CMS Energy,CMS,0.03%,70.88,-0.92,(-1.28%)
377,Ralph Lauren Corporation,RL,0.03%,355.01,2.02,(0.57%)
378,Loews Corporation,L,0.03%,103.74,0.93,(0.90%)
379,Centene Corporation,CNC,0.03%,43.38,1.48,(3.53%)
380,Albemarle Corporation,ALB,0.03%,180.51,-3.82,(-2.07%)
381,NiSource,NI,0.03%,44.58,0.25,(0.55%)
382,Principal Financial Group,PFG,0.03%,94.45,0.41,(0.43%)
383,International Paper,IP,0.03%,39.27,-2.23,(-5.36%)
384,"NVR, Inc.",NVR,0.03%,7577.26,-48.82,(-0.64%)
385,Qnity Electronics,Q,0.03%,98.64,-3.79,(-3.70%)
386,Amcor,AMCR,0.03%,44.12,-0.07,(-0.15%)
387,Lululemon Athletica,LULU,0.03%,173.54,-6.81,(-3.78%)
388,Quest Diagnostics,DGX,0.03%,182.66,-0.08,(-0.04%)
389,SBA Communications,SBAC,0.03%,187.72,3.56,(1.93%)
390,Packaging Corporation of America,PKG,0.03%,222.26,4.65,(2.14%)
391,Global Payments,GPN,0.03%,71.10,-0.91,(-1.27%)
392,Incyte,INCY,0.03%,101.36,0.17,(0.17%)
393,NetApp,NTAP,0.03%,98.52,-0.81,(-0.81%)
394,J.B. Hunt,JBHT,0.03%,205.26,0.20,(0.10%)
395,Genuine Parts Company,GPC,0.03%,138.75,-1.27,(-0.90%)
396,Dow Inc.,DOW,0.03%,27.10,-0.68,(-2.46%)
397,Snap-on,SNA,0.03%,366.92,-3.15,(-0.85%)
398,Weyerhaeuser,WY,0.03%,25.96,-0.09,(-0.33%)
399,DuPont,DD,0.03%,44.46,-0.17,(-0.37%)
400,Moderna,MRNA,0.03%,46.76,1.46,(3.22%)
401,PTC Inc.,PTC,0.03%,152.08,-9.83,(-6.07%)
402,Insulet Corporation,PODD,0.03%,254.73,-3.47,(-1.34%)
403,Supermicro,SMCI,0.03%,29.98,-1.23,(-3.96%)
404,HP Inc.,HPQ,0.03%,19.41,0.36,(1.92%)
405,International Flavors & Fragrances,IFF,0.03%,69.28,-2.88,(-3.99%)
406,Evergy,EVRG,0.03%,76.75,0.10,(0.13%)
407,Lennox International,LII,0.03%,494.48,6.99,(1.43%)
408,Pentair,PNR,0.03%,105.25,0.08,(0.08%)
409,Alliant Energy,LNT,0.03%,66.19,-0.07,(-0.11%)
410,Aptiv,APTV,0.03%,78.64,0.83,(1.06%)
411,Zimmer Biomet,ZBH,0.03%,84.86,-0.85,(-1.00%)
412,Huntington Ingalls Industries,HII,0.03%,428.12,2.73,(0.64%)
413,Fortive,FTV,0.03%,52.86,0.06,(0.11%)
414,Hologic,HOLX,0.03%,75.02,-0.08,(-0.11%)
415,McCormick & Company,MKC,0.03%,61.77,-0.09,(-0.14%)
416,Tyler Technologies,TYL,0.03%,382.76,-36.36,(-8.68%)
417,West Pharmaceutical Services,WST,0.03%,228.65,-7.24,(-3.07%)
418,CDW,CDW,0.03%,124.98,0.26,(0.21%)
419,Invitation Homes,INVH,0.03%,26.39,0.18,(0.71%)
420,LyondellBasell,LYB,0.03%,50.14,-0.33,(-0.65%)
421,Trimble Inc.,TRMB,0.03%,67.70,-2.37,(-3.39%)
422,"F5, Inc.",FFIV,0.03%,282.86,-9.44,(-3.23%)
423,Essex Property Trust,ESS,0.03%,249.15,3.67,(1.50%)
424,Jacobs Solutions,J,0.03%,135.64,-1.06,(-0.78%)
425,TKO Group Holdings,TKO,0.03%,200.57,5.69,(2.92%)
426,Cooper Companies (The),COO,0.02%,79.93,-0.55,(-0.69%)
427,Mid-America Apartment Communities,MAA,0.02%,133.73,1.27,(0.96%)
428,Textron,TXT,0.02%,88.44,1.65,(1.90%)
429,Fox Corporation (Class B),FOX,0.02%,64.88,0.59,(0.91%)
430,Gartner,IT,0.02%,211.69,-14.29,(-6.33%)
431,"The Trade Desk, Inc.",TTD,0.02%,31.39,-0.48,(-1.50%)
432,Nordson Corporation,NDSN,0.02%,272.25,0.31,(0.11%)
433,Viatris,VTRS,0.02%,13.14,0.17,(1.35%)
434,Ball Corporation,BALL,0.02%,56.36,0.10,(0.18%)
435,Fox Corporation (Class A),FOXA,0.02%,71.80,0.66,(0.93%)
436,IDEX Corporation,IEX,0.02%,197.72,1.32,(0.67%)
437,Gen Digital,GEN,0.02%,23.91,-0.88,(-3.53%)
438,Erie Indemnity,ERIE,0.02%,281.48,7.95,(2.91%)
439,CF Industries,CF,0.02%,94.07,0.90,(0.97%)
440,Deckers Brands,DECK,0.02%,98.66,1.04,(1.07%)
441,Avery Dennison,AVY,0.02%,185.18,0.31,(0.16%)
442,Akamai Technologies,AKAM,0.02%,98.93,-3.17,(-3.11%)
443,Allegion,ALLE,0.02%,163.81,-1.09,(-0.66%)
444,Kimco Realty,KIM,0.02%,20.70,0.22,(1.10%)
445,Everest Group,EG,0.02%,328.55,3.64,(1.12%)
446,Domino's,DPZ,0.02%,406.64,1.27,(0.31%)
447,Best Buy,BBY,0.02%,65.21,-0.35,(-0.54%)
448,Masco,MAS,0.02%,65.71,-0.77,(-1.16%)
449,Hormel Foods,HRL,0.02%,24.59,-0.01,(-0.02%)
450,Franklin Resources,BEN,0.02%,25.73,0.07,(0.25%)
451,Clorox,CLX,0.02%,109.72,0.92,(0.85%)
452,GoDaddy,GDDY,0.02%,98.73,-4.62,(-4.47%)
453,Solventum,SOLV,0.02%,76.10,-0.50,(-0.65%)
454,Regency Centers,REG,0.02%,71.68,1.23,(1.74%)
455,Jack Henry & Associates,JKHY,0.02%,178.19,-1.62,(-0.90%)
456,Host Hotels & Resorts,HST,0.02%,18.70,0.25,(1.38%)
457,Hasbro,HAS,0.02%,90.22,0.35,(0.38%)
458,Builders FirstSource,BLDR,0.02%,113.94,-3.15,(-2.69%)
459,Universal Health Services,UHS,0.02%,200.31,-2.71,(-1.33%)
460,Brown–Forman,BF.B,0.02%,26.84,0.53,(2.03%)
461,Revvity,RVTY,0.02%,108.69,-2.44,(-2.19%)
462,Invesco,IVZ,0.02%,27.64,0.08,(0.29%)
463,Paramount Skydance Corp,PSKY,0.02%,11.11,-0.23,(-2.07%)
464,Stanley Black & Decker,SWK,0.02%,78.82,-0.50,(-0.63%)
465,"UDR, Inc.",UDR,0.02%,36.90,0.47,(1.28%)
466,Zebra Technologies,ZBRA,0.02%,236.39,0.16,(0.07%)
467,Healthpeak Properties,DOC,0.02%,17.20,0.05,(0.32%)
468,Assurant,AIZ,0.02%,236.38,-0.91,(-0.38%)
469,Align Technology,ALGN,0.02%,161.50,-3.42,(-2.07%)
470,Camden Property Trust,CPT,0.02%,108.48,1.27,(1.18%)
471,EPAM Systems,EPAM,0.02%,205.81,-12.54,(-5.74%)
472,Wynn Resorts,WYNN,0.02%,107.72,-5.16,(-4.57%)
473,Pinnacle West,PNW,0.02%,93.33,-0.35,(-0.37%)
474,Dayforce,DAY,0.02%,69.27,-0.09,(-0.14%)
475,J.M. Smucker Company (The),SJM,0.02%,103.70,0.34,(0.33%)
476,Globe Life,GL,0.02%,138.43,-0.12,(-0.08%)
477,AES Corporation,AES,0.02%,15.09,-0.10,(-0.69%)
478,Charles River Laboratories,CRL,0.02%,212.97,-3.91,(-1.81%)
479,Norwegian Cruise Line Holdings,NCLH,0.02%,22.80,2.01,(9.65%)
480,A. O. Smith,AOS,0.02%,73.77,4.28,(6.15%)
481,"BXP, Inc.",BXP,0.02%,64.64,0.49,(0.76%)
482,Baxter International,BAX,0.02%,19.52,-0.09,(-0.48%)
483,Generac,GNRC,0.02%,170.36,-3.81,(-2.19%)
484,Bio-Techne,TECH,0.02%,63.47,-2.09,(-3.19%)
485,News Corp (Class A),NWSA,0.02%,26.60,0.01,(0.03%)
486,Molina Healthcare,MOH,0.02%,187.08,0.08,(0.04%)
487,APA Corporation,APA,0.02%,27.07,1.06,(4.07%)
488,Pool Corporation,POOL,0.02%,253.73,-4.75,(-1.84%)
489,Molson Coors Beverage Company,TAP,0.02%,47.77,0.03,(0.07%)
490,FactSet,FDS,0.01%,253.44,-16.43,(-6.09%)
491,Alexandria Real Estate Equities,ARE,0.01%,54.15,-0.46,(-0.84%)
492,MGM Resorts,MGM,0.01%,33.19,0.44,(1.33%)
493,Mosaic Company (The),MOS,0.01%,28.11,-0.03,(-0.12%)
494,Henry Schein,HSIC,0.01%,74.38,-0.70,(-0.94%)
495,Federal Realty Investment Trust,FRT,0.01%,100.70,0.89,(0.89%)
496,Conagra Brands,CAG,0.01%,17.89,0.21,(1.16%)
497,Skyworks Solutions,SWKS,0.01%,55.24,-0.04,(-0.07%)
498,Campbell Soup Company,CPB,0.01%,27.13,0.14,(0.54%)
499,DaVita,DVA,0.01%,106.67,0.79,(0.74%)
500,Paycom,PAYC,0.01%,134.50,-5.16,(-3.69%)
501,Match Group,MTCH,0.01%,30.92,-0.44,(-1.41%)
502,Lamb Weston,LW,0.01%,45.87,0.40,(0.88%)
503,News Corp (Class B),NWS,0.01%,30.55,-0.06,(-0.19%)
